date,state,cases,cases_perc,cases_daybefore,cases_ln,cases_daybefore_ln,log_dif
2020-03-17,Alabama,39,34.48275862068966,29,3.6635616461296463,3.367295829986474,0.29626581614317216
2020-03-18,Alabama,51,30.76923076923077,39,3.9318256327243257,3.6635616461296463,0.2682639865946794
2020-03-19,Alabama,78,52.94117647058824,51,4.356708826689592,3.9318256327243257,0.42488319396526597
2020-03-20,Alabama,106,35.8974358974359,78,4.663439094112067,4.356708826689592,0.3067302674224752
2020-03-21,Alabama,131,23.58490566037736,106,4.875197323201151,4.663439094112067,0.21175822908908426
2020-03-22,Alabama,157,19.84732824427481,131,5.056245805348308,4.875197323201151,0.18104848214715652
2020-03-23,Alabama,196,24.840764331210192,157,5.278114659230517,5.056245805348308,0.22186885388220912
2020-03-24,Alabama,242,23.46938775510204,196,5.488937726156687,5.278114659230517,0.21082306692616992
2020-03-25,Alabama,386,59.50413223140496,242,5.955837369464831,5.488937726156687,0.46689964330814426
2020-03-26,Alabama,538,39.37823834196891,386,6.2878585601617845,5.955837369464831,0.33202119069695346
2020-03-27,Alabama,639,18.773234200743495,538,6.459904454377535,6.2878585601617845,0.17204589421575012
2020-03-28,Alabama,720,12.676056338028168,639,6.579251212010101,6.459904454377535,0.11934675763256664
2020-03-29,Alabama,830,15.277777777777779,720,6.721425700790643,6.579251212010101,0.14217448878054206
2020-03-30,Alabama,947,14.096385542168674,830,6.853299093186078,6.721425700790643,0.13187339239543494
2020-03-23,Alaska,36,63.63636363636363,22,3.58351893845611,3.091042453358316,0.49247648509779385
2020-03-24,Alaska,42,16.666666666666664,36,3.7376696182833684,3.58351893845611,0.1541506798272585
2020-03-25,Alaska,59,40.476190476190474,42,4.07753744390572,3.7376696182833684,0.3398678256223513
2020-03-26,Alaska,69,16.94915254237288,59,4.23410650459726,4.07753744390572,0.15656906069153997
2020-03-27,Alaska,85,23.18840579710145,69,4.442651256490317,4.23410650459726,0.208544751893057
2020-03-28,Alaska,102,20,85,4.624972813284271,4.442651256490317,0.182321556793954
2020-03-29,Alaska,114,11.76470588235294,102,4.736198448394496,4.624972813284271,0.11122563511022499
2020-03-30,Alaska,120,5.263157894736842,114,4.787491742782046,4.736198448394496,0.05129329438755015
2020-03-19,Arizona,47,67.85714285714286,28,3.8501476017100584,3.332204510175204,0.5179430915348546
2020-03-20,Arizona,70,48.93617021276596,47,4.248495242049359,3.8501476017100584,0.3983476403393009
2020-03-21,Arizona,104,48.57142857142857,70,4.6443908991413725,4.248495242049359,0.39589565709201313
2020-03-22,Arizona,153,47.11538461538461,104,5.030437921392435,4.6443908991413725,0.3860470222510628
2020-03-23,Arizona,234,52.94117647058824,153,5.455321115357702,5.030437921392435,0.4248831939652664
2020-03-24,Arizona,326,39.31623931623932,234,5.786897381366708,5.455321115357702,0.331576266009006
2020-03-25,Arizona,402,23.31288343558282,326,5.996452088619021,5.786897381366708,0.2095547072523134
2020-03-26,Arizona,508,26.368159203980102,402,6.230481447578482,5.996452088619021,0.23402935895946086
2020-03-27,Arizona,665,30.905511811023622,508,6.499787040655854,6.230481447578482,0.26930559307737223
2020-03-28,Arizona,773,16.2406015037594,665,6.650279048587422,6.499787040655854,0.15049200793156814
2020-03-29,Arizona,930,20.310478654592497,773,6.835184586147301,6.650279048587422,0.18490553755987893
2020-03-30,Arizona,1169,25.6989247311828,930,7.063903961472068,6.835184586147301,0.22871937532476672
2020-03-18,Arkansas,33,50,22,3.4965075614664802,3.091042453358316,0.40546510810816416
2020-03-19,Arkansas,62,87.87878787878788,33,4.127134385045092,3.4965075614664802,0.6306268235786114
2020-03-20,Arkansas,100,61.29032258064516,62,4.605170185988092,4.127134385045092,0.47803580094300013
2020-03-21,Arkansas,118,18,100,4.770684624465665,4.605170185988092,0.1655144384775733
2020-03-22,Arkansas,165,39.83050847457627,118,5.10594547390058,4.770684624465665,0.3352608494349152
2020-03-23,Arkansas,201,21.818181818181817,165,5.303304908059076,5.10594547390058,0.19735943415849544
2020-03-24,Arkansas,231,14.925373134328357,201,5.442417710521793,5.303304908059076,0.1391128024627175
2020-03-25,Arkansas,307,32.900432900432904,231,5.726847747587197,5.442417710521793,0.2844300370654036
2020-03-26,Arkansas,350,14.006514657980457,307,5.857933154483459,5.726847747587197,0.13108540689626214
2020-03-27,Arkansas,385,10,350,5.953243334287785,5.857933154483459,0.09531017980432566
2020-03-28,Arkansas,409,6.233766233766234,385,6.013715156042802,5.953243334287785,0.06047182175501753
2020-03-29,Arkansas,449,9.7799511002445,409,6.1070228877422545,6.013715156042802,0.09330773169945239
2020-03-30,Arkansas,508,13.140311804008908,449,6.230481447578482,6.1070228877422545,0.12345855983622744
2020-03-01,California,33,17.857142857142858,28,3.4965075614664802,3.332204510175204,0.16430305129127643
2020-03-02,California,38,15.151515151515152,33,3.6375861597263857,3.4965075614664802,0.14107859825990543
2020-03-03,California,45,18.421052631578945,38,3.8066624897703196,3.6375861597263857,0.16907633004393396
2020-03-04,California,55,22.22222222222222,45,4.007333185232471,3.8066624897703196,0.20067069546215155
2020-03-05,California,67,21.818181818181817,55,4.204692619390966,4.007333185232471,0.19735943415849455
2020-03-06,California,81,20.8955223880597,67,4.394449154672439,4.204692619390966,0.1897565352814734
2020-03-07,California,100,23.456790123456788,81,4.605170185988092,4.394449154672439,0.21072103131565267
2020-03-08,California,112,12,100,4.718498871295094,4.605170185988092,0.11332868530700235
2020-03-09,California,172,53.57142857142857,112,5.147494476813453,4.718498871295094,0.4289956055183586
2020-03-10,California,179,4.069767441860465,172,5.187385805840755,5.147494476813453,0.03989132902730219
2020-03-11,California,202,12.849162011173185,179,5.308267697401205,5.187385805840755,0.12088189156045015
2020-03-12,California,252,24.752475247524753,202,5.529429087511423,5.308267697401205,0.2211613901102183
2020-03-13,California,320,26.984126984126984,252,5.768320995793772,5.529429087511423,0.23889190828234863
2020-03-14,California,381,19.0625,320,5.942799375126701,5.768320995793772,0.1744783793329292
2020-03-15,California,478,25.45931758530184,381,6.169610732491456,5.942799375126701,0.22681135736475522
2020-03-16,California,588,23.01255230125523,478,6.376726947898627,6.169610732491456,0.2071162154071704
2020-03-17,California,732,24.489795918367346,588,6.595780513961311,6.376726947898627,0.21905356606268445
2020-03-18,California,893,21.994535519125684,732,6.794586580876499,6.595780513961311,0.19880606691518743
2020-03-19,California,1067,19.48488241881299,893,6.9726062513017535,6.794586580876499,0.1780196704252548
2020-03-20,California,1283,20.243673851921272,1067,7.1569563646156364,6.9726062513017535,0.18435011331388296
2020-03-21,California,1544,20.34294621979735,1283,7.342131730584722,7.1569563646156364,0.18517536596908535
2020-03-22,California,1851,19.883419689119172,1544,7.523481312573497,7.342131730584722,0.18134958198877538
2020-03-23,California,2240,21.015667206915182,1851,7.7142311448490855,7.523481312573497,0.19074983227558828
2020-03-24,California,2644,18.035714285714285,2240,7.880048200971577,7.7142311448490855,0.1658170561224912
2020-03-25,California,3183,20.385779122541603,2644,8.065579427282092,7.880048200971577,0.18553122631051533
2020-03-26,California,4060,27.552623311341502,3183,8.308938252595778,8.065579427282092,0.24335882531368647
2020-03-27,California,4915,21.05911330049261,4060,8.500047032581268,8.308938252595778,0.19110877998548936
2020-03-28,California,5566,13.245167853509665,4915,8.624431942085836,8.500047032581268,0.1243849095045686
2020-03-29,California,6321,13.564498742364355,5566,8.751632702472298,8.624431942085836,0.12720076038646155
2020-03-30,California,7421,17.40230976111375,6321,8.912069097970134,8.751632702472298,0.16043639549783606
2020-03-11,Colorado,34,100,17,3.5263605246161616,2.833213344056216,0.6931471805599454
2020-03-12,Colorado,49,44.11764705882353,34,3.8918202981106265,3.5263605246161616,0.3654597734944649
2020-03-13,Colorado,78,59.183673469387756,49,4.356708826689592,3.8918202981106265,0.46488852857896523
2020-03-14,Colorado,103,32.05128205128205,78,4.634728988229636,4.356708826689592,0.27802016154004416
2020-03-15,Colorado,136,32.038834951456316,103,4.912654885736052,4.634728988229636,0.2779258975064165
2020-03-16,Colorado,161,18.38235294117647,136,5.081404364984463,4.912654885736052,0.16874947924841077
2020-03-17,Colorado,183,13.664596273291925,161,5.209486152841421,5.081404364984463,0.12808178785695823
2020-03-18,Colorado,216,18.0327868852459,183,5.375278407684165,5.209486152841421,0.16579225484274396
2020-03-19,Colorado,278,28.703703703703702,216,5.627621113690637,5.375278407684165,0.2523427060064716
2020-03-20,Colorado,364,30.935251798561154,278,5.8971538676367405,5.627621113690637,0.26953275394610365
2020-03-21,Colorado,475,30.494505494505496,364,6.163314804034641,5.8971538676367405,0.2661609363979007
2020-03-22,Colorado,591,24.421052631578945,475,6.3818160174060985,6.163314804034641,0.21850121337145723
2020-03-23,Colorado,721,21.99661590524535,591,6.580639137284949,6.3818160174060985,0.19882311987885082
2020-03-24,Colorado,912,26.49098474341193,721,6.815639990074331,6.580639137284949,0.23500085278938165
2020-03-25,Colorado,1086,19.078947368421055,912,6.990256500493881,6.815639990074331,0.17461651041954962
2020-03-26,Colorado,1432,31.860036832412526,1086,7.266827347520591,6.990256500493881,0.27657084702671053
2020-03-27,Colorado,1735,21.15921787709497,1432,7.45876269238096,7.266827347520591,0.19193534486036867
2020-03-28,Colorado,2061,18.78962536023055,1735,7.630946580890459,7.45876269238096,0.17218388850949928
2020-03-29,Colorado,2315,12.32411450752062,2061,7.747164966520335,7.630946580890459,0.11621838562987552
2020-03-30,Colorado,2628,13.520518358531316,2315,7.873978379604501,7.747164966520335,0.12681341308416627
2020-03-16,Connecticut,41,57.692307692307686,26,3.713572066704308,3.258096538021482,0.4554755286828258
2020-03-17,Connecticut,68,65.85365853658537,41,4.219507705176107,3.713572066704308,0.505935638471799
2020-03-18,Connecticut,96,41.17647058823529,68,4.564348191467836,4.219507705176107,0.34484048629172914
2020-03-19,Connecticut,159,65.625,96,5.0689042022202315,4.564348191467836,0.5045560107523954
2020-03-20,Connecticut,194,22.0125786163522,159,5.267858159063328,5.0689042022202315,0.1989539568430967
2020-03-21,Connecticut,223,14.948453608247423,194,5.407171771460119,5.267858159063328,0.13931361239679063
2020-03-22,Connecticut,327,46.63677130044843,223,5.7899601708972535,5.407171771460119,0.3827883994371346
2020-03-23,Connecticut,415,26.911314984709477,327,6.028278520230698,5.7899601708972535,0.23831834933344442
2020-03-24,Connecticut,618,48.91566265060241,415,6.42648845745769,6.028278520230698,0.3982099372269925
2020-03-25,Connecticut,875,41.58576051779935,618,6.774223886357614,6.42648845745769,0.3477354288999237
2020-03-26,Connecticut,1012,15.657142857142858,875,6.919683849847411,6.774223886357614,0.14545996348979706
2020-03-27,Connecticut,1291,27.56916996047431,1012,7.1631723908466425,6.919683849847411,0.24348854099923134
2020-03-28,Connecticut,1524,18.048024786986833,1291,7.329093736246592,7.1631723908466425,0.16592134539994952
2020-03-29,Connecticut,1993,30.7742782152231,1524,7.597396320212795,7.329093736246592,0.26830258396620277
2020-03-30,Connecticut,2571,29.001505268439537,1993,7.852050207265889,7.597396320212795,0.25465388705309433
2020-03-19,Delaware,30,15.384615384615385,26,3.4011973816621555,3.258096538021482,0.14310084364067333
2020-03-20,Delaware,39,30,30,3.6635616461296463,3.4011973816621555,0.26236426446749084
2020-03-21,Delaware,45,15.384615384615385,39,3.8066624897703196,3.6635616461296463,0.14310084364067333
2020-03-22,Delaware,56,24.444444444444443,45,4.02535169073515,3.8066624897703196,0.21868920096483002
2020-03-23,Delaware,87,55.35714285714286,56,4.465908118654584,4.02535169073515,0.44055642791943406
2020-03-24,Delaware,104,19.54022988505747,87,4.6443908991413725,4.465908118654584,0.17848278048678878
2020-03-25,Delaware,119,14.423076923076922,104,4.77912349311153,4.6443908991413725,0.13473259397015713
2020-03-26,Delaware,143,20.168067226890756,119,4.962844630259907,4.77912349311153,0.18372113714837734
2020-03-27,Delaware,165,15.384615384615385,143,5.10594547390058,4.962844630259907,0.14310084364067333
2020-03-28,Delaware,214,29.6969696969697,165,5.365976015021851,5.10594547390058,0.2600305411212709
2020-03-29,Delaware,232,8.411214953271028,214,5.44673737166631,5.365976015021851,0.08076135664445871
2020-03-30,Delaware,264,13.793103448275861,232,5.575949103146316,5.44673737166631,0.1292117314800061
2020-03-17,District of Columbia,31,40.909090909090914,22,3.4339872044851463,3.091042453358316,0.3429447511268302
2020-03-18,District of Columbia,36,16.129032258064516,31,3.58351893845611,3.4339872044851463,0.14953173397096364
2020-03-19,District of Columbia,39,8.333333333333332,36,3.6635616461296463,3.58351893845611,0.08004270767353638
2020-03-20,District of Columbia,71,82.05128205128204,39,4.2626798770413155,3.6635616461296463,0.5991182309116692
2020-03-21,District of Columbia,77,8.450704225352112,71,4.343805421853684,4.2626798770413155,0.08112554481236867
2020-03-22,District of Columbia,98,27.27272727272727,77,4.584967478670572,4.343805421853684,0.24116205681688818
2020-03-23,District of Columbia,116,18.367346938775512,98,4.7535901911063645,4.584967478670572,0.1686227124357922
2020-03-24,District of Columbia,137,18.103448275862068,116,4.919980925828125,4.7535901911063645,0.16639073472176058
2020-03-25,District of Columbia,183,33.57664233576642,137,5.209486152841421,4.919980925828125,0.2895052270132963
2020-03-26,District of Columbia,231,26.229508196721312,183,5.442417710521793,5.209486152841421,0.23293155768037188
2020-03-27,District of Columbia,267,15.584415584415584,231,5.58724865840025,5.442417710521793,0.1448309478784564
2020-03-28,District of Columbia,304,13.857677902621724,267,5.717027701406222,5.58724865840025,0.1297790430059722
2020-03-29,District of Columbia,342,12.5,304,5.834810737062605,5.717027701406222,0.11778303565638293
2020-03-30,District of Columbia,401,17.251461988304094,342,5.993961427306569,5.834810737062605,0.15915069024396455
2020-03-12,Florida,46,76.92307692307693,26,3.828641396489095,3.258096538021482,0.5705448584676129
2020-03-13,Florida,70,52.17391304347826,46,4.248495242049359,3.828641396489095,0.4198538455602643
2020-03-14,Florida,70,0,70,4.248495242049359,4.248495242049359,0
2020-03-15,Florida,109,55.714285714285715,70,4.6913478822291435,4.248495242049359,0.4428526401797841
2020-03-16,Florida,141,29.357798165137616,109,4.948759890378168,4.6913478822291435,0.257412008149025
2020-03-17,Florida,210,48.93617021276596,141,5.3471075307174685,4.948759890378168,0.39834764033930004
2020-03-18,Florida,326,55.23809523809524,210,5.786897381366708,5.3471075307174685,0.43978985064923926
2020-03-19,Florida,434,33.12883435582822,326,6.073044534100405,5.786897381366708,0.2861471527336974
2020-03-20,Florida,564,29.953917050691242,434,6.335054251498059,6.073044534100405,0.2620097173976541
2020-03-21,Florida,764,35.46099290780142,564,6.638567789166521,6.335054251498059,0.30351353766846145
2020-03-22,Florida,1000,30.89005235602094,764,6.907755278982137,6.638567789166521,0.26918748981561613
2020-03-23,Florida,1222,22.2,1000,7.108244139731541,6.907755278982137,0.2004888607494042
2020-03-24,Florida,1467,20.049099836333877,1222,7.2909747781429814,7.108244139731541,0.18273063841144044
2020-03-25,Florida,1971,34.355828220858896,1467,7.58629630715272,7.2909747781429814,0.2953215290097386
2020-03-26,Florida,2478,25.72298325722983,1971,7.815207062189088,7.58629630715272,0.2289107550363676
2020-03-27,Florida,3198,29.055690072639223,2478,8.0702808933939,7.815207062189088,0.255073831204812
2020-03-28,Florida,4038,26.26641651031895,3198,8.303504798872783,8.0702808933939,0.2332239054788836
2020-03-29,Florida,4943,22.41208519068846,4038,8.505727713306959,8.303504798872783,0.2022229144341754
2020-03-30,Florida,5695,15.213433137770584,4943,8.647343875881283,8.505727713306959,0.14161616257432463
2020-03-11,Georgia,31,40.909090909090914,22,3.4339872044851463,3.091042453358316,0.3429447511268302
2020-03-12,Georgia,31,0,31,3.4339872044851463,3.4339872044851463,0
2020-03-13,Georgia,41,32.25806451612903,31,3.713572066704308,3.4339872044851463,0.2795848622191617
2020-03-14,Georgia,65,58.536585365853654,41,4.174387269895637,3.713572066704308,0.46081520319132885
2020-03-15,Georgia,97,49.23076923076923,65,4.574710978503383,4.174387269895637,0.400323708607746
2020-03-16,Georgia,118,21.649484536082475,97,4.770684624465665,4.574710978503383,0.19597364596228228
2020-03-17,Georgia,142,20.33898305084746,118,4.955827057601261,4.770684624465665,0.18514243313559575
2020-03-18,Georgia,193,35.91549295774648,142,5.262690188904886,4.955827057601261,0.30686313130362475
2020-03-19,Georgia,282,46.1139896373057,193,5.641907070938114,5.262690188904886,0.37921688203322823
2020-03-20,Georgia,482,70.92198581560284,282,6.1779441140506,5.641907070938114,0.5360370431124863
2020-03-21,Georgia,552,14.522821576763487,482,6.313548046277095,6.1779441140506,0.1356039322264948
2020-03-22,Georgia,620,12.318840579710146,552,6.429719478039138,6.313548046277095,0.11617143176204259
2020-03-23,Georgia,800,29.03225806451613,620,6.684611727667927,6.429719478039138,0.25489224962878954
2020-03-24,Georgia,1095,36.875,800,6.9985096422506015,6.684611727667927,0.31389791458267435
2020-03-25,Georgia,1385,26.48401826484018,1095,7.233455418621439,6.9985096422506015,0.23494577637083758
2020-03-26,Georgia,1641,18.48375451263538,1385,7.403061091090091,7.233455418621439,0.1696056724686521
2020-03-27,Georgia,2198,33.94271785496649,1641,7.6953031349635665,7.403061091090091,0.2922420438734754
2020-03-28,Georgia,2447,11.328480436760692,2198,7.802618063442671,7.6953031349635665,0.10731492847910484
2020-03-29,Georgia,2683,9.644462607274214,2447,7.894690850425624,7.802618063442671,0.09207278698295251
2020-03-30,Georgia,3032,13.00782705926202,2683,8.016977746762262,7.894690850425624,0.1222868963366377
2020-03-20,Hawaii,37,42.30769230769231,26,3.6109179126442243,3.258096538021482,0.3528213746227422
2020-03-21,Hawaii,48,29.72972972972973,37,3.871201010907891,3.6109179126442243,0.2602830982636668
2020-03-22,Hawaii,56,16.666666666666664,48,4.02535169073515,3.871201010907891,0.1541506798272585
2020-03-23,Hawaii,77,37.5,56,4.343805421853684,4.02535169073515,0.3184537311185345
2020-03-24,Hawaii,90,16.883116883116884,77,4.499809670330265,4.343805421853684,0.1560042484765809
2020-03-25,Hawaii,95,5.555555555555555,90,4.553876891600541,4.499809670330265,0.054067221270275745
2020-03-26,Hawaii,106,11.578947368421053,95,4.663439094112067,4.553876891600541,0.10956220251152615
2020-03-27,Hawaii,120,13.20754716981132,106,4.787491742782046,4.663439094112067,0.1240526486699789
2020-03-28,Hawaii,151,25.833333333333336,120,5.017279836814924,4.787491742782046,0.22978809403287848
2020-03-29,Hawaii,175,15.894039735099339,151,5.1647859739235145,5.017279836814924,0.14750613710859017
2020-03-30,Hawaii,204,16.57142857142857,175,5.318119993844216,5.1647859739235145,0.15333401992070161
2020-03-20,Idaho,31,34.78260869565217,23,3.4339872044851463,3.1354942159291497,0.2984929885559966
2020-03-21,Idaho,42,35.483870967741936,31,3.7376696182833684,3.4339872044851463,0.30368241379822214
2020-03-22,Idaho,47,11.904761904761903,42,3.8501476017100584,3.7376696182833684,0.11247798342669002
2020-03-23,Idaho,50,6.382978723404255,47,3.912023005428146,3.8501476017100584,0.06187540371808753
2020-03-24,Idaho,73,46,50,4.290459441148391,3.912023005428146,0.378436435720245
2020-03-25,Idaho,123,68.4931506849315,73,4.812184355372417,4.290459441148391,0.5217249142240261
2020-03-26,Idaho,189,53.65853658536586,123,5.241747015059643,4.812184355372417,0.4295626596872255
2020-03-27,Idaho,232,22.75132275132275,189,5.44673737166631,5.241747015059643,0.2049903566066673
2020-03-28,Idaho,262,12.931034482758621,232,5.568344503761097,5.44673737166631,0.12160713209478669
2020-03-29,Idaho,310,18.3206106870229,262,5.736572297479192,5.568344503761097,0.1682277937180956
2020-03-30,Idaho,415,33.87096774193548,310,6.028278520230698,5.736572297479192,0.2917062227515057
2020-03-12,Illinois,32,28.000000000000004,25,3.4657359027997265,3.2188758248682006,0.24686007793152598
2020-03-13,Illinois,46,43.75,32,3.828641396489095,3.4657359027997265,0.36290549368936853
2020-03-14,Illinois,66,43.47826086956522,46,4.189654742026425,3.828641396489095,0.3610133455373301
2020-03-15,Illinois,94,42.42424242424242,66,4.543294782270004,4.189654742026425,0.35364004024357865
2020-03-16,Illinois,104,10.638297872340425,94,4.6443908991413725,4.543294782270004,0.10109611687136866
2020-03-17,Illinois,159,52.88461538461539,104,5.0689042022202315,4.6443908991413725,0.42451330307885904
2020-03-18,Illinois,286,79.87421383647799,159,5.655991810819852,5.0689042022202315,0.5870876085996208
2020-03-19,Illinois,420,46.85314685314685,286,6.040254711277414,5.655991810819852,0.3842629004575615
2020-03-20,Illinois,583,38.80952380952381,420,6.368187186350492,6.040254711277414,0.3279324750730783
2020-03-21,Illinois,751,28.81646655231561,583,6.621405651764134,6.368187186350492,0.25321846541364224
2020-03-22,Illinois,1047,39.41411451398136,751,6.953684210870537,6.621405651764134,0.3322785591064026
2020-03-23,Illinois,1285,22.7316141356256,1047,7.158513997329321,6.953684210870537,0.20482978645878358
2020-03-24,Illinois,1535,19.45525291828794,1285,7.336285660021297,7.158513997329321,0.17777166269197675
2020-03-25,Illinois,1874,22.08469055374593,1535,7.535830462798367,7.336285660021297,0.1995448027770701
2020-03-26,Illinois,2538,35.432230522945574,1874,7.839131648274333,7.535830462798367,0.3033011854759655
2020-03-27,Illinois,3029,19.34594168636722,2538,8.015987811027237,7.839131648274333,0.1768561627529044
2020-03-28,Illinois,3547,17.101353582040275,3029,8.173857454773621,8.015987811027237,0.15786964374638401
2020-03-29,Illinois,4615,30.10995207217367,3547,8.437067146936952,8.173857454773621,0.2632096921633309
2020-03-30,Illinois,5070,9.859154929577464,4615,8.531096096585228,8.437067146936952,0.09402894964827624
2020-03-17,Indiana,30,25,24,3.4011973816621555,3.1780538303479458,0.2231435513142097
2020-03-18,Indiana,39,30,30,3.6635616461296463,3.4011973816621555,0.26236426446749084
2020-03-19,Indiana,56,43.58974358974359,39,4.02535169073515,3.6635616461296463,0.36179004460550335
2020-03-20,Indiana,81,44.642857142857146,56,4.394449154672439,4.02535169073515,0.3690974639372895
2020-03-21,Indiana,128,58.0246913580247,81,4.852030263919617,4.394449154672439,0.45758110924717776
2020-03-22,Indiana,204,59.375,128,5.318119993844216,4.852030263919617,0.4660897299245992
2020-03-23,Indiana,264,29.411764705882355,204,5.575949103146316,5.318119993844216,0.2578291093020999
2020-03-24,Indiana,371,40.53030303030303,264,5.916202062607435,5.575949103146316,0.340252959461119
2020-03-25,Indiana,484,30.45822102425876,371,6.182084906716632,5.916202062607435,0.26588284410919716
2020-03-26,Indiana,661,36.570247933884296,484,6.493753839851686,6.182084906716632,0.3116689331350537
2020-03-27,Indiana,992,50.07564296520424,661,6.899723107284872,6.493753839851686,0.4059692674331865
2020-03-28,Indiana,1239,24.899193548387096,992,7.122059881629142,6.899723107284872,0.2223367743442699
2020-03-29,Indiana,1522,22.841000807102503,1239,7.3277805384216315,7.122059881629142,0.2057206567924892
2020-03-30,Indiana,1797,18.068331143232587,1522,7.493873886783559,7.3277805384216315,0.1660933483619278
2020-03-18,Iowa,38,31.03448275862069,29,3.6375861597263857,3.367295829986474,0.2702903297399115
2020-03-19,Iowa,44,15.789473684210526,38,3.784189633918261,3.6375861597263857,0.14660347419187536
2020-03-20,Iowa,45,2.272727272727273,44,3.8066624897703196,3.784189633918261,0.022472855852058604
2020-03-21,Iowa,68,51.11111111111111,45,4.219507705176107,3.8066624897703196,0.41284521540578734
2020-03-22,Iowa,90,32.35294117647059,68,4.499809670330265,4.219507705176107,0.28030196515415806
2020-03-23,Iowa,105,16.666666666666664,90,4.653960350157523,4.499809670330265,0.15415067982725805
2020-03-24,Iowa,124,18.095238095238095,105,4.820281565605037,4.653960350157523,0.166321215447514
2020-03-25,Iowa,147,18.548387096774192,124,4.990432586778736,4.820281565605037,0.17015102117369896
2020-03-26,Iowa,179,21.768707482993197,147,5.187385805840755,4.990432586778736,0.1969532190620189
2020-03-27,Iowa,236,31.843575418994412,179,5.4638318050256105,5.187385805840755,0.2764459991848556
2020-03-28,Iowa,298,26.27118644067797,236,5.697093486505405,5.4638318050256105,0.2332616814797941
2020-03-29,Iowa,336,12.751677852348994,298,5.817111159963204,5.697093486505405,0.12001767345779957
2020-03-30,Iowa,424,26.190476190476193,336,6.049733455231958,5.817111159963204,0.23262229526875355
2020-03-19,Kansas,35,59.09090909090909,22,3.5553480614894135,3.091042453358316,0.46430560813109745
2020-03-20,Kansas,49,40,35,3.8918202981106265,3.5553480614894135,0.33647223662121295
2020-03-21,Kansas,57,16.3265306122449,49,4.04305126783455,3.8918202981106265,0.1512309697239238
2020-03-22,Kansas,66,15.789473684210526,57,4.189654742026425,4.04305126783455,0.14660347419187492
2020-03-23,Kansas,82,24.242424242424242,66,4.406719247264253,4.189654742026425,0.21706450523782816
2020-03-24,Kansas,102,24.390243902439025,82,4.624972813284271,4.406719247264253,0.21825356602001733
2020-03-25,Kansas,134,31.372549019607842,102,4.897839799950911,4.624972813284271,0.27286698666664044
2020-03-26,Kansas,173,29.1044776119403,134,5.153291594497779,4.897839799950911,0.25545179454686817
2020-03-27,Kansas,213,23.121387283236995,173,5.3612921657094255,5.153291594497779,0.20800057121164617
2020-03-28,Kansas,272,27.699530516431924,213,5.605802066295998,5.3612921657094255,0.2445099005865723
2020-03-29,Kansas,333,22.426470588235293,272,5.808142489980444,5.605802066295998,0.20234042368444616
2020-03-30,Kansas,374,12.312312312312311,333,5.924255797414532,5.808142489980444,0.11611330743408832
2020-03-18,Kentucky,35,34.61538461538461,26,3.5553480614894135,3.258096538021482,0.2972515234679314
2020-03-19,Kentucky,47,34.285714285714285,35,3.8501476017100584,3.5553480614894135,0.2947995402206449
2020-03-20,Kentucky,63,34.04255319148936,47,4.143134726391533,3.8501476017100584,0.29298712468147414
2020-03-21,Kentucky,84,33.33333333333333,63,4.430816798843313,4.143134726391533,0.2876820724517808
2020-03-22,Kentucky,103,22.61904761904762,84,4.634728988229636,4.430816798843313,0.2039121893863225
2020-03-23,Kentucky,124,20.388349514563107,103,4.820281565605037,4.634728988229636,0.1855525773754012
2020-03-24,Kentucky,157,26.61290322580645,124,5.056245805348308,4.820281565605037,0.23596423974327063
2020-03-25,Kentucky,198,26.11464968152866,157,5.288267030694535,5.056245805348308,0.2320212253462275
2020-03-26,Kentucky,248,25.252525252525253,198,5.5134287461649825,5.288267030694535,0.22516171547044728
2020-03-27,Kentucky,302,21.774193548387096,248,5.71042701737487,5.5134287461649825,0.19699827120988722
2020-03-28,Kentucky,394,30.4635761589404,302,5.976350909297934,5.71042701737487,0.2659238919230642
2020-03-29,Kentucky,439,11.421319796954315,394,6.0844994130751715,5.976350909297934,0.10814850377723761
2020-03-30,Kentucky,480,9.339407744874716,439,6.173786103901937,6.0844994130751715,0.0892866908267651
2020-03-13,Louisiana,36,157.14285714285714,14,3.58351893845611,2.6390573296152584,0.9444616088408515
2020-03-14,Louisiana,77,113.88888888888889,36,4.343805421853684,3.58351893845611,0.7602864833975742
2020-03-15,Louisiana,103,33.76623376623377,77,4.634728988229636,4.343805421853684,0.29092356637595174
2020-03-16,Louisiana,137,33.00970873786408,103,4.919980925828125,4.634728988229636,0.2852519375984892
2020-03-17,Louisiana,196,43.06569343065693,137,5.278114659230517,4.919980925828125,0.35813373340239174
2020-03-18,Louisiana,280,42.857142857142854,196,5.634789603169249,5.278114659230517,0.35667494393873245
2020-03-19,Louisiana,392,40,280,5.971261839790462,5.634789603169249,0.33647223662121295
2020-03-20,Louisiana,537,36.98979591836735,392,6.285998094508865,5.971261839790462,0.3147362547184027
2020-03-21,Louisiana,763,42.08566108007449,537,6.637258031284457,6.285998094508865,0.351259936775592
2020-03-22,Louisiana,837,9.698558322411534,763,6.729824070489475,6.637258031284457,0.09256603920501849
2020-03-23,Louisiana,1172,40.02389486260454,837,7.066466970136958,6.729824070489475,0.3366428996474822
2020-03-24,Louisiana,1388,18.43003412969283,1172,7.23561914106675,7.066466970136958,0.1691521709297925
2020-03-25,Louisiana,1795,29.322766570605186,1388,7.492760300922379,7.23561914106675,0.257141159855629
2020-03-26,Louisiana,2305,28.412256267409468,1795,7.742835955430749,7.492760300922379,0.25007565450837
2020-03-27,Louisiana,2746,19.13232104121475,2305,7.917900586327916,7.742835955430749,0.17506463089716728
2020-03-28,Louisiana,3315,20.721048798252003,2746,8.106212902619962,7.917900586327916,0.1883123162920457
2020-03-29,Louisiana,3539,6.757164404223228,3315,8.171599480345463,8.106212902619962,0.06538657772550138
2020-03-30,Louisiana,4024,13.704436281435434,3539,8.300031711779575,8.171599480345463,0.1284322314341111
2020-03-17,Maine,32,88.23529411764706,17,3.4657359027997265,2.833213344056216,0.6325225587435104
2020-03-18,Maine,43,34.375,32,3.7612001156935624,3.4657359027997265,0.29546421289383584
2020-03-19,Maine,52,20.930232558139537,43,3.9512437185814275,3.7612001156935624,0.19004360288786515
2020-03-20,Maine,57,9.615384615384617,52,4.04305126783455,3.9512437185814275,0.09180754925312273
2020-03-21,Maine,70,22.807017543859647,57,4.248495242049359,4.04305126783455,0.2054439742148091
2020-03-22,Maine,89,27.142857142857142,70,4.48863636973214,4.248495242049359,0.2401411276827803
2020-03-23,Maine,107,20.224719101123593,89,4.672828834461906,4.48863636973214,0.18419246472976614
2020-03-24,Maine,118,10.2803738317757,107,4.770684624465665,4.672828834461906,0.09785579000375932
2020-03-25,Maine,142,20.33898305084746,118,4.955827057601261,4.770684624465665,0.18514243313559575
2020-03-26,Maine,155,9.15492957746479,142,5.043425116919247,4.955827057601261,0.08759805931798592
2020-03-27,Maine,168,8.38709677419355,155,5.123963979403259,5.043425116919247,0.08053886248401199
2020-03-28,Maine,211,25.595238095238095,168,5.351858133476067,5.123963979403259,0.2278941540728079
2020-03-29,Maine,253,19.90521327014218,211,5.53338948872752,5.351858133476067,0.1815313552514537
2020-03-30,Maine,275,8.695652173913043,253,5.616771097666572,5.53338948872752,0.08338160893905133
2020-03-15,Maryland,32,18.51851851851852,27,3.4657359027997265,3.295836866004329,0.16989903679539742
2020-03-16,Maryland,39,21.875,32,3.6635616461296463,3.4657359027997265,0.19782574332991976
2020-03-17,Maryland,57,46.15384615384615,39,4.04305126783455,3.6635616461296463,0.37948962170490397
2020-03-18,Maryland,85,49.122807017543856,57,4.442651256490317,4.04305126783455,0.3995999886557664
2020-03-19,Maryland,108,27.058823529411764,85,4.68213122712422,4.442651256490317,0.23947997063390325
2020-03-20,Maryland,150,38.88888888888889,108,5.0106352940962555,4.68213122712422,0.3285040669720356
2020-03-21,Maryland,195,30,150,5.272999558563747,5.0106352940962555,0.2623642644674913
2020-03-22,Maryland,245,25.64102564102564,195,5.501258210544727,5.272999558563747,0.2282586519809806
2020-03-23,Maryland,290,18.367346938775512,245,5.66988092298052,5.501258210544727,0.1686227124357922
2020-03-24,Maryland,349,20.344827586206897,290,5.855071922202427,5.66988092298052,0.1851909992219074
2020-03-25,Maryland,423,21.20343839541547,349,6.0473721790462776,5.855071922202427,0.19230025684385055
2020-03-26,Maryland,581,37.35224586288416,423,6.364750756851911,6.0473721790462776,0.3173785778056333
2020-03-27,Maryland,790,35.9724612736661,581,6.672032945461067,6.364750756851911,0.30728218860915657
2020-03-28,Maryland,1066,34.93670886075949,790,6.97166860472579,6.672032945461067,0.29963565926472224
2020-03-29,Maryland,1244,16.69793621013133,1066,7.126087273299125,6.97166860472579,0.15441866857333508
2020-03-30,Maryland,1415,13.745980707395496,1244,7.254884810077338,7.126087273299125,0.12879753677821348
2020-03-09,Massachusetts,41,46.42857142857143,28,3.713572066704308,3.332204510175204,0.38136755652910415
2020-03-10,Massachusetts,92,124.39024390243902,41,4.5217885770490405,3.713572066704308,0.8082165103447325
2020-03-11,Massachusetts,95,3.260869565217391,92,4.553876891600541,4.5217885770490405,0.0320883145515003
2020-03-12,Massachusetts,108,13.684210526315791,95,4.68213122712422,4.553876891600541,0.12825433552367915
2020-03-13,Massachusetts,123,13.88888888888889,108,4.812184355372417,4.68213122712422,0.13005312824819715
2020-03-14,Massachusetts,138,12.195121951219512,123,4.927253685157205,4.812184355372417,0.11506932978478801
2020-03-15,Massachusetts,164,18.84057971014493,138,5.099866427824199,4.927253685157205,0.17261274266699367
2020-03-16,Massachusetts,197,20.121951219512198,164,5.2832037287379885,5.099866427824199,0.18333730091378975
2020-03-17,Massachusetts,218,10.65989847715736,197,5.384495062789089,5.2832037287379885,0.10129133405110036
2020-03-18,Massachusetts,256,17.431192660550458,218,5.545177444479562,5.384495062789089,0.16068238169047344
2020-03-19,Massachusetts,328,28.125,256,5.793013608384144,5.545177444479562,0.24783616390458185
2020-03-20,Massachusetts,413,25.914634146341463,328,6.023447592961033,5.793013608384144,0.23043398457688902
2020-03-21,Massachusetts,525,27.11864406779661,413,6.263398262591624,6.023447592961033,0.23995066963059042
2020-03-22,Massachusetts,646,23.047619047619047,525,6.470799503782602,6.263398262591624,0.20740124119097825
2020-03-23,Massachusetts,777,20.278637770897834,646,6.655440350367647,6.470799503782602,0.18464084658504554
2020-03-24,Massachusetts,1159,49.163449163449165,777,7.055312843339752,6.655440350367647,0.39987249297210425
2020-03-25,Massachusetts,1838,58.584987057808455,1159,7.516433302915632,7.055312843339752,0.46112045957588066
2020-03-26,Massachusetts,2417,31.501632208922743,1838,7.790282380703483,7.516433302915632,0.27384907778785106
2020-03-27,Massachusetts,3240,34.05047579644187,2417,8.083328608786376,7.790282380703483,0.2930462280828925
2020-03-28,Massachusetts,4257,31.38888888888889,3240,8.356319965828153,8.083328608786376,0.2729913570417768
2020-03-29,Massachusetts,4955,16.39652337326756,4257,8.508152446764088,8.356319965828153,0.15183248093593527
2020-03-30,Massachusetts,5752,16.08476286579213,4955,8.657302899400882,8.508152446764088,0.14915045263679438
2020-03-14,Michigan,33,32,25,3.4965075614664802,3.2188758248682006,0.27763173659827967
2020-03-15,Michigan,53,60.60606060606061,33,3.970291913552122,3.4965075614664802,0.47378435208564174
2020-03-16,Michigan,54,1.8867924528301887,53,3.9889840465642745,3.970291913552122,0.018692133012152556
2020-03-17,Michigan,65,20.37037037037037,54,4.174387269895637,3.9889840465642745,0.18540322333136228
2020-03-18,Michigan,80,23.076923076923077,65,4.382026634673881,4.174387269895637,0.2076393647782444
2020-03-19,Michigan,334,317.5,80,5.811140992976701,4.382026634673881,1.4291143583028196
2020-03-20,Michigan,548,64.07185628742515,334,6.306275286948016,5.811140992976701,0.49513429397131503
2020-03-21,Michigan,787,43.613138686131386,548,6.668228248417403,6.306275286948016,0.36195296146938727
2020-03-22,Michigan,1033,31.257941550190598,787,6.940222469119639,6.668228248417403,0.27199422070223545
2020-03-23,Michigan,1324,28.170377541142305,1033,7.188412736496954,6.940222469119639,0.2481902673773151
2020-03-24,Michigan,1791,35.27190332326284,1324,7.490529402060711,7.188412736496954,0.3021166655637577
2020-03-25,Michigan,2293,28.029034059184816,1791,7.737616282857904,7.490529402060711,0.24708688079719288
2020-03-26,Michigan,2877,25.468818142171827,2293,7.964503363551548,7.737616282857904,0.22688708069364338
2020-03-27,Michigan,3655,27.042057698992007,2877,8.203851372183879,7.964503363551548,0.23934800863233097
2020-03-28,Michigan,4634,26.785225718194255,3655,8.441175704992322,8.203851372183879,0.23732433280844312
2020-03-29,Michigan,5486,18.385843763487266,4634,8.60995467149755,8.441175704992322,0.1687789665052275
2020-03-30,Michigan,6508,18.62923806051768,5486,8.780787468338929,8.60995467149755,0.17083279684137942
2020-03-15,Minnesota,35,66.66666666666666,21,3.5553480614894135,3.044522437723423,0.5108256237659905
2020-03-16,Minnesota,54,54.285714285714285,35,3.9889840465642745,3.5553480614894135,0.433635985074861
2020-03-17,Minnesota,60,11.11111111111111,54,4.0943445622221,3.9889840465642745,0.10536051565782589
2020-03-18,Minnesota,77,28.333333333333332,60,4.343805421853684,4.0943445622221,0.2494608596315837
2020-03-19,Minnesota,89,15.584415584415584,77,4.48863636973214,4.343805421853684,0.14483094787845552
2020-03-20,Minnesota,115,29.213483146067414,89,4.74493212836325,4.48863636973214,0.25629575863111054
2020-03-21,Minnesota,138,20,115,4.927253685157205,4.74493212836325,0.1823215567939549
2020-03-22,Minnesota,171,23.91304347826087,138,5.14166355650266,4.927253685157205,0.2144098713454552
2020-03-23,Minnesota,235,37.42690058479532,171,5.459585514144159,5.14166355650266,0.31792195764149866
2020-03-24,Minnesota,264,12.340425531914894,235,5.575949103146316,5.459585514144159,0.11636358900215704
2020-03-25,Minnesota,289,9.469696969696969,264,5.666426688112432,5.575949103146316,0.09047758496611635
2020-03-26,Minnesota,346,19.72318339100346,289,5.846438775057725,5.666426688112432,0.18001208694529236
2020-03-27,Minnesota,398,15.028901734104046,346,5.986452005284438,5.846438775057725,0.14001323022671297
2020-03-28,Minnesota,442,11.055276381909549,398,6.091309882077698,5.986452005284438,0.1048578767932602
2020-03-29,Minnesota,504,14.027149321266968,442,6.222576268071369,6.091309882077698,0.1312663859936709
2020-03-30,Minnesota,576,14.285714285714285,504,6.3561076606958915,6.222576268071369,0.13353139262452274
2020-03-18,Mississippi,34,61.904761904761905,21,3.5263605246161616,3.044522437723423,0.48183808689273855
2020-03-19,Mississippi,50,47.05882352941176,34,3.912023005428146,3.5263605246161616,0.3856624808119844
2020-03-20,Mississippi,80,60,50,4.382026634673881,3.912023005428146,0.47000362924573524
2020-03-21,Mississippi,140,75,80,4.941642422609304,4.382026634673881,0.5596157879354227
2020-03-22,Mississippi,207,47.85714285714286,140,5.332718793265369,4.941642422609304,0.39107637065606493
2020-03-23,Mississippi,249,20.28985507246377,207,5.517452896464707,5.332718793265369,0.18473410319933858
2020-03-24,Mississippi,320,28.514056224899598,249,5.768320995793772,5.517452896464707,0.2508680993290646
2020-03-25,Mississippi,376,17.5,320,5.929589143389895,5.768320995793772,0.16126814759612262
2020-03-26,Mississippi,486,29.25531914893617,376,6.186208623900494,5.929589143389895,0.256619480510599
2020-03-27,Mississippi,579,19.1358024691358,486,6.361302477572996,6.186208623900494,0.17509385367250196
2020-03-28,Mississippi,669,15.544041450777202,579,6.505784060128229,6.361302477572996,0.14448158255523325
2020-03-29,Mississippi,759,13.452914798206278,669,6.63200177739563,6.505784060128229,0.1262177172674015
2020-03-30,Mississippi,848,11.725955204216074,759,6.742880635791903,6.63200177739563,0.11087885839627276
2020-03-19,Missouri,35,66.66666666666666,21,3.5553480614894135,3.044522437723423,0.5108256237659905
2020-03-20,Missouri,73,108.57142857142857,35,4.290459441148391,3.5553480614894135,0.7351113796589774
2020-03-21,Missouri,93,27.397260273972602,73,4.532599493153256,4.290459441148391,0.24214005200486532
2020-03-22,Missouri,130,39.784946236559136,93,4.867534450455582,4.532599493153256,0.3349349573023259
2020-03-23,Missouri,183,40.76923076923077,130,5.209486152841421,4.867534450455582,0.34195170238583916
2020-03-24,Missouri,255,39.34426229508197,183,5.541263545158426,5.209486152841421,0.3317773923170044
2020-03-25,Missouri,384,50.588235294117645,255,5.950642552587727,5.541263545158426,0.4093790074293011
2020-03-26,Missouri,508,32.29166666666667,384,6.230481447578482,5.950642552587727,0.2798388949907551
2020-03-27,Missouri,670,31.88976377952756,508,6.507277712385012,6.230481447578482,0.27679626480652963
2020-03-28,Missouri,837,24.925373134328357,670,6.729824070489475,6.507277712385012,0.22254635810446377
2020-03-29,Missouri,902,7.765830346475508,837,6.804614520062624,6.729824070489475,0.07479044957314862
2020-03-30,Missouri,1049,16.29711751662971,902,6.955592608396297,6.804614520062624,0.1509780883336731
2020-03-22,Montana,34,17.24137931034483,29,3.5263605246161616,3.367295829986474,0.15906469462968742
2020-03-23,Montana,45,32.35294117647059,34,3.8066624897703196,3.5263605246161616,0.28030196515415806
2020-03-24,Montana,51,13.333333333333334,45,3.9318256327243257,3.8066624897703196,0.1251631429540061
2020-03-25,Montana,65,27.450980392156865,51,4.174387269895637,3.9318256327243257,0.24256163717131107
2020-03-26,Montana,90,38.46153846153847,65,4.499809670330265,4.174387269895637,0.3254224004346282
2020-03-27,Montana,121,34.44444444444444,90,4.795790545596741,4.499809670330265,0.2959808752664763
2020-03-28,Montana,147,21.487603305785125,121,4.990432586778736,4.795790545596741,0.19464204118199468
2020-03-29,Montana,161,9.523809523809524,147,5.081404364984463,4.990432586778736,0.0909717782057271
2020-03-30,Montana,177,9.937888198757763,161,5.176149732573829,5.081404364984463,0.09474536758936569
2020-03-15,Nebraska,31,6.896551724137931,29,3.4339872044851463,3.367295829986474,0.06669137449867213
2020-03-16,Nebraska,33,6.451612903225806,31,3.4965075614664802,3.4339872044851463,0.06252035698133396
2020-03-17,Nebraska,36,9.090909090909092,33,3.58351893845611,3.4965075614664802,0.08701137698962969
2020-03-18,Nebraska,43,19.444444444444446,36,3.7612001156935624,3.58351893845611,0.17768117723745247
2020-03-19,Nebraska,47,9.30232558139535,43,3.8501476017100584,3.7612001156935624,0.08894748601649605
2020-03-20,Nebraska,53,12.76595744680851,47,3.970291913552122,3.8501476017100584,0.12014431184206353
2020-03-21,Nebraska,61,15.09433962264151,53,4.110873864173311,3.970291913552122,0.1405819506211894
2020-03-22,Nebraska,62,1.639344262295082,61,4.127134385045092,4.110873864173311,0.016260520871780315
2020-03-23,Nebraska,73,17.741935483870968,62,4.290459441148391,4.127134385045092,0.16332505610329928
2020-03-24,Nebraska,77,5.47945205479452,73,4.343805421853684,4.290459441148391,0.05334598070529317
2020-03-25,Nebraska,84,9.090909090909092,77,4.430816798843313,4.343805421853684,0.08701137698962924
2020-03-26,Nebraska,91,8.333333333333332,84,4.51085950651685,4.430816798843313,0.08004270767353638
2020-03-27,Nebraska,102,12.087912087912088,91,4.624972813284271,4.51085950651685,0.11411330676742093
2020-03-28,Nebraska,122,19.607843137254903,102,4.804021044733257,4.624972813284271,0.17904823144898607
2020-03-29,Nebraska,138,13.114754098360656,122,4.927253685157205,4.804021044733257,0.12323264042394833
2020-03-30,Nebraska,185,34.05797101449276,138,5.220355825078324,4.927253685157205,0.29310213992111933
2020-03-16,Nevada,45,73.07692307692307,26,3.8066624897703196,3.258096538021482,0.5485659517488375
2020-03-17,Nevada,55,22.22222222222222,45,4.007333185232471,3.8066624897703196,0.20067069546215155
2020-03-18,Nevada,82,49.09090909090909,55,4.406719247264253,4.007333185232471,0.3993860620317822
2020-03-19,Nevada,99,20.73170731707317,82,4.59511985013459,4.406719247264253,0.18840060287033644
2020-03-20,Nevada,165,66.66666666666666,99,5.10594547390058,4.59511985013459,0.5108256237659905
2020-03-21,Nevada,165,0,165,5.10594547390058,5.10594547390058,0
2020-03-22,Nevada,190,15.151515151515152,165,5.247024072160486,5.10594547390058,0.14107859825990587
2020-03-23,Nevada,265,39.473684210526315,190,5.579729825986222,5.247024072160486,0.33270575382573586
2020-03-24,Nevada,315,18.867924528301888,265,5.752572638825633,5.579729825986222,0.17284281283941105
2020-03-25,Nevada,405,28.57142857142857,315,6.003887067106539,5.752572638825633,0.25131442828090567
2020-03-26,Nevada,535,32.098765432098766,405,6.282266746896006,6.003887067106539,0.27837967978946754
2020-03-27,Nevada,621,16.074766355140188,535,6.431331081933479,6.282266746896006,0.14906433503747252
2020-03-28,Nevada,738,18.84057971014493,621,6.6039438246004725,6.431331081933479,0.17261274266699367
2020-03-29,Nevada,920,24.661246612466126,738,6.824373670043086,6.6039438246004725,0.2204298454426139
2020-03-30,Nevada,1044,13.478260869565217,920,6.950814768442584,6.824373670043086,0.12644109839949724
2020-03-18,New Hampshire,39,50,26,3.6635616461296463,3.258096538021482,0.40546510810816416
2020-03-19,New Hampshire,44,12.82051282051282,39,3.784189633918261,3.6635616461296463,0.12062798778861472
2020-03-20,New Hampshire,55,25,44,4.007333185232471,3.784189633918261,0.22314355131421015
2020-03-21,New Hampshire,65,18.181818181818183,55,4.174387269895637,4.007333185232471,0.16705408466316563
2020-03-22,New Hampshire,78,20,65,4.356708826689592,4.174387269895637,0.1823215567939549
2020-03-23,New Hampshire,101,29.48717948717949,78,4.61512051684126,4.356708826689592,0.258411690151668
2020-03-24,New Hampshire,108,6.9306930693069315,101,4.68213122712422,4.61512051684126,0.06701071028296024
2020-03-25,New Hampshire,137,26.851851851851855,108,4.919980925828125,4.68213122712422,0.23784969870390515
2020-03-26,New Hampshire,158,15.328467153284672,137,5.062595033026967,4.919980925828125,0.14261410719884182
2020-03-27,New Hampshire,187,18.354430379746837,158,5.231108616854587,5.062595033026967,0.16851358382761994
2020-03-28,New Hampshire,214,14.43850267379679,187,5.365976015021851,5.231108616854587,0.13486739816726434
2020-03-29,New Hampshire,258,20.5607476635514,214,5.552959584921617,5.365976015021851,0.18698356989976617
2020-03-30,New Hampshire,314,21.705426356589147,258,5.749392985908253,5.552959584921617,0.19643340098663575
2020-03-13,New Jersey,50,72.41379310344827,29,3.912023005428146,3.367295829986474,0.5447271754416718
2020-03-14,New Jersey,75,50,50,4.31748811353631,3.912023005428146,0.40546510810816416
2020-03-15,New Jersey,98,30.666666666666664,75,4.584967478670572,4.31748811353631,0.2674793651342622
2020-03-16,New Jersey,176,79.59183673469387,98,5.170483995038151,4.584967478670572,0.5855165163675791
2020-03-17,New Jersey,268,52.27272727272727,176,5.5909869805108565,5.170483995038151,0.42050298547270515
2020-03-18,New Jersey,427,59.32835820895522,268,6.056784013228625,5.5909869805108565,0.4657970327177683
2020-03-19,New Jersey,735,72.1311475409836,427,6.5998704992128365,6.056784013228625,0.5430864859842117
2020-03-20,New Jersey,896,21.904761904761905,735,6.79794041297493,6.5998704992128365,0.19806991376209382
2020-03-21,New Jersey,1336,49.107142857142854,896,7.197435354096591,6.79794041297493,0.3994949411216604
2020-03-22,New Jersey,1914,43.26347305389221,1336,7.5569505720129,7.197435354096591,0.359515217916309
2020-03-23,New Jersey,2844,48.589341692789965,1914,7.952966790923131,7.5569505720129,0.39601621891023164
2020-03-24,New Jersey,3675,29.219409282700422,2844,8.209308411646937,7.952966790923131,0.2563416207238056
2020-03-25,New Jersey,4402,19.782312925170068,3675,8.389814262086407,8.209308411646937,0.1805058504394701
2020-03-26,New Jersey,6876,56.201726487960016,4402,8.83579236650274,8.389814262086407,0.44597810441633357
2020-03-27,New Jersey,8825,28.34496800465387,6876,9.085343881801498,8.83579236650274,0.24955151529875685
2020-03-28,New Jersey,11124,26.050991501416433,8825,9.316860215353856,9.085343881801498,0.23151633355235823
2020-03-29,New Jersey,13386,20.334412081984897,11124,9.501964663660587,9.316860215353856,0.18510444830673123
2020-03-30,New Jersey,16636,24.279097564619754,13386,9.719324300862802,9.501964663660587,0.21735963720221463
2020-03-19,New Mexico,35,25,28,3.5553480614894135,3.332204510175204,0.2231435513142097
2020-03-20,New Mexico,43,22.857142857142858,35,3.7612001156935624,3.5553480614894135,0.20585205420414887
2020-03-21,New Mexico,57,32.55813953488372,43,4.04305126783455,3.7612001156935624,0.2818511521409879
2020-03-22,New Mexico,65,14.035087719298245,57,4.174387269895637,4.04305126783455,0.13133600206108653
2020-03-23,New Mexico,83,27.692307692307693,65,4.418840607796598,4.174387269895637,0.24445333790096146
2020-03-24,New Mexico,100,20.481927710843372,83,4.605170185988092,4.418840607796598,0.18632957819149354
2020-03-25,New Mexico,113,13,100,4.727387818712341,4.605170185988092,0.12221763272424901
2020-03-26,New Mexico,136,20.353982300884958,113,4.912654885736052,4.727387818712341,0.18526706702371154
2020-03-27,New Mexico,191,40.44117647058824,136,5.25227342804663,4.912654885736052,0.33961854231057753
2020-03-28,New Mexico,210,9.947643979057592,191,5.3471075307174685,5.25227342804663,0.09483410267083858
2020-03-29,New Mexico,237,12.857142857142856,210,5.4680601411351315,5.3471075307174685,0.12095261041766303
2020-03-30,New Mexico,282,18.9873417721519,237,5.641907070938114,5.4680601411351315,0.17384692980298233
2020-03-06,New York,44,100,22,3.784189633918261,3.091042453358316,0.693147180559945
2020-03-07,New York,89,102.27272727272727,44,4.48863636973214,3.784189633918261,0.7044467358138786
2020-03-08,New York,106,19.101123595505616,89,4.663439094112067,4.48863636973214,0.17480272437992728
2020-03-09,New York,142,33.9622641509434,106,4.955827057601261,4.663439094112067,0.29238796348919394
2020-03-10,New York,173,21.830985915492956,142,5.153291594497779,4.955827057601261,0.19746453689651844
2020-03-11,New York,217,25.43352601156069,173,5.37989735354046,5.153291594497779,0.22660575904268043
2020-03-12,New York,326,50.23041474654379,217,5.786897381366708,5.37989735354046,0.407000027826248
2020-03-13,New York,421,29.141104294478527,326,6.042632833682381,5.786897381366708,0.2557354523156734
2020-03-14,New York,610,44.89311163895487,421,6.413458957167357,6.042632833682381,0.3708261234849761
2020-03-15,New York,732,20,610,6.595780513961311,6.413458957167357,0.182321556793954
2020-03-16,New York,950,29.78142076502732,732,6.856461984594587,6.595780513961311,0.2606814706332754
2020-03-17,New York,1375,44.73684210526316,950,7.226209010100671,6.856461984594587,0.3697470255060846
2020-03-18,New York,2387,73.6,1375,7.77779262633883,7.226209010100671,0.5515836162381591
2020-03-19,New York,4161,74.31922915793884,2387,8.333510708982942,7.77779262633883,0.5557180826441117
2020-03-20,New York,7113,70.94448449891853,4161,8.869679374733515,8.333510708982942,0.5361686657505729
2020-03-21,New York,10371,45.803458456347535,7113,9.246768728589734,8.869679374733515,0.3770893538562188
2020-03-22,New York,15188,46.44682287146852,10371,9.628260921351693,9.246768728589734,0.381492192761959
2020-03-23,New York,20899,37.60205425335791,15188,9.947456589918252,9.628260921351693,0.3191956685665591
2020-03-24,New York,25704,22.991530695248578,20899,10.154401900795694,9.947456589918252,0.20694531087744217
2020-03-25,New York,33117,28.83986928104575,25704,10.407802024686461,10.154401900795694,0.25340012389076705
2020-03-26,New York,39058,17.93942688045415,33117,10.572802999842727,10.407802024686461,0.165000975156266
2020-03-27,New York,44746,14.562957652721595,39058,10.708757334233022,10.572802999842727,0.13595433439029492
2020-03-28,New York,53517,19.601752111920618,44746,10.887754639419377,10.708757334233022,0.17899730518635515
2020-03-29,New York,59783,11.708429097296186,53517,10.998476618586784,10.887754639419377,0.11072197916740656
2020-03-30,New York,67504,12.91504273790208,59783,11.11994213436412,10.998476618586784,0.12146551577733611
2020-03-15,North Carolina,32,28.000000000000004,25,3.4657359027997265,3.2188758248682006,0.24686007793152598
2020-03-16,North Carolina,34,6.25,32,3.5263605246161616,3.4657359027997265,0.06062462181643502
2020-03-17,North Carolina,42,23.52941176470588,34,3.7376696182833684,3.5263605246161616,0.21130909366720685
2020-03-18,North Carolina,66,57.14285714285714,42,4.189654742026425,3.7376696182833684,0.45198512374305677
2020-03-19,North Carolina,104,57.57575757575758,66,4.6443908991413725,4.189654742026425,0.4547361571149473
2020-03-20,North Carolina,144,38.46153846153847,104,4.969813299576001,4.6443908991413725,0.3254224004346282
2020-03-21,North Carolina,184,27.77777777777778,144,5.214935757608986,4.969813299576001,0.24512245803298516
2020-03-22,North Carolina,269,46.19565217391305,184,5.594711379601839,5.214935757608986,0.3797756219928532
2020-03-23,North Carolina,302,12.267657992565056,269,5.71042701737487,5.594711379601839,0.11571563777303062
2020-03-24,North Carolina,397,31.456953642384107,302,5.983936280687191,5.71042701737487,0.27350926331232106
2020-03-25,North Carolina,562,41.56171284634761,397,6.331501849893691,5.983936280687191,0.34756556920650006
2020-03-26,North Carolina,639,13.701067615658364,562,6.459904454377535,6.331501849893691,0.12840260448384377
2020-03-27,North Carolina,784,22.69170579029734,639,6.664409020350408,6.459904454377535,0.20450456597287303
2020-03-28,North Carolina,972,23.97959183673469,784,6.879355804460439,6.664409020350408,0.21494678411003143
2020-03-29,North Carolina,1166,19.958847736625515,972,7.061334366910438,6.879355804460439,0.18197856244999855
2020-03-30,North Carolina,1303,11.749571183533448,1166,7.172424577124845,7.061334366910438,0.11109021021440757
2020-03-22,North Dakota,30,7.142857142857142,28,3.4011973816621555,3.332204510175204,0.06899287148695166
2020-03-23,North Dakota,32,6.666666666666667,30,3.4657359027997265,3.4011973816621555,0.06453852113757108
2020-03-24,North Dakota,37,15.625,32,3.6109179126442243,3.4657359027997265,0.1451820098444978
2020-03-25,North Dakota,45,21.62162162162162,37,3.8066624897703196,3.6109179126442243,0.19574457712609528
2020-03-26,North Dakota,58,28.888888888888886,45,4.060443010546419,3.8066624897703196,0.25378052077609947
2020-03-27,North Dakota,68,17.24137931034483,58,4.219507705176107,4.060443010546419,0.15906469462968786
2020-03-28,North Dakota,93,36.76470588235294,68,4.532599493153256,4.219507705176107,0.3130917879771493
2020-03-29,North Dakota,97,4.301075268817205,93,4.574710978503383,4.532599493153256,0.04211148535012654
2020-03-30,North Dakota,109,12.371134020618557,97,4.6913478822291435,4.574710978503383,0.11663690372576063
2020-03-15,Ohio,37,42.30769230769231,26,3.6109179126442243,3.258096538021482,0.3528213746227422
2020-03-16,Ohio,50,35.13513513513514,37,3.912023005428146,3.6109179126442243,0.3011050927839216
2020-03-17,Ohio,67,34,50,4.204692619390966,3.912023005428146,0.29266961396281976
2020-03-18,Ohio,90,34.32835820895522,67,4.499809670330265,4.204692619390966,0.2951170509392993
2020-03-19,Ohio,120,33.33333333333333,90,4.787491742782046,4.499809670330265,0.2876820724517808
2020-03-20,Ohio,169,40.833333333333336,120,5.1298987149230735,4.787491742782046,0.34240697214102767
2020-03-21,Ohio,247,46.15384615384615,169,5.5093883366279774,5.1298987149230735,0.37948962170490397
2020-03-22,Ohio,351,42.10526315789473,247,5.860786223465865,5.5093883366279774,0.351397886837888
2020-03-23,Ohio,444,26.495726495726498,351,6.095824562432225,5.860786223465865,0.23503833896635928
2020-03-24,Ohio,564,27.027027027027028,444,6.335054251498059,6.095824562432225,0.23922968906583453
2020-03-25,Ohio,707,25.354609929078016,564,6.561030665896573,6.335054251498059,0.2259764143985139
2020-03-26,Ohio,867,22.63083451202263,707,6.7650389767805414,6.561030665896573,0.2040083108839683
2020-03-27,Ohio,1144,31.949250288350633,867,7.042286171939743,6.7650389767805414,0.2772471951592017
2020-03-28,Ohio,1406,22.9020979020979,1144,7.2485040723706105,7.042286171939743,0.2062179004308673
2020-03-29,Ohio,1665,18.421052631578945,1406,7.417580402414544,7.2485040723706105,0.16907633004393396
2020-03-30,Ohio,1933,16.096096096096097,1665,7.566828479208331,7.417580402414544,0.1492480767937865
2020-03-19,Oklahoma,44,51.724137931034484,29,3.784189633918261,3.367295829986474,0.4168938039317869
2020-03-20,Oklahoma,49,11.363636363636363,44,3.8918202981106265,3.784189633918261,0.10763066419236544
2020-03-21,Oklahoma,53,8.16326530612245,49,3.970291913552122,3.8918202981106265,0.0784716154414955
2020-03-22,Oklahoma,67,26.41509433962264,53,4.204692619390966,3.970291913552122,0.23440070583884376
2020-03-23,Oklahoma,81,20.8955223880597,67,4.394449154672439,4.204692619390966,0.1897565352814734
2020-03-24,Oklahoma,106,30.864197530864196,81,4.663439094112067,4.394449154672439,0.2689899394396278
2020-03-25,Oklahoma,164,54.71698113207547,106,5.099866427824199,4.663439094112067,0.4364273337121318
2020-03-26,Oklahoma,248,51.21951219512195,164,5.5134287461649825,5.099866427824199,0.4135623183407837
2020-03-27,Oklahoma,322,29.838709677419356,248,5.7745515455444085,5.5134287461649825,0.26112279937942606
2020-03-28,Oklahoma,377,17.080745341614907,322,5.932245187448011,5.7745515455444085,0.15769364190360236
2020-03-29,Oklahoma,429,13.793103448275861,377,6.061456918928017,5.932245187448011,0.1292117314800061
2020-03-30,Oklahoma,481,12.121212121212121,429,6.175867270105761,6.061456918928017,0.11441035117774412
2020-03-12,Oregon,30,50,20,3.4011973816621555,2.995732273553991,0.4054651081081646
2020-03-13,Oregon,30,0,30,3.4011973816621555,3.4011973816621555,0
2020-03-14,Oregon,36,20,30,3.58351893845611,3.4011973816621555,0.18232155679395445
2020-03-15,Oregon,39,8.333333333333332,36,3.6635616461296463,3.58351893845611,0.08004270767353638
2020-03-16,Oregon,46,17.94871794871795,39,3.828641396489095,3.6635616461296463,0.16507975035944877
2020-03-17,Oregon,66,43.47826086956522,46,4.189654742026425,3.828641396489095,0.3610133455373301
2020-03-18,Oregon,74,12.121212121212121,66,4.30406509320417,4.189654742026425,0.114410351177745
2020-03-19,Oregon,87,17.56756756756757,74,4.465908118654584,4.30406509320417,0.1618430254504135
2020-03-20,Oregon,114,31.03448275862069,87,4.736198448394496,4.465908118654584,0.27029032973991196
2020-03-21,Oregon,137,20.175438596491226,114,4.919980925828125,4.736198448394496,0.1837824774336294
2020-03-22,Oregon,161,17.51824817518248,137,5.081404364984463,4.919980925828125,0.16142343915633806
2020-03-23,Oregon,191,18.633540372670808,161,5.25227342804663,5.081404364984463,0.17086906306216676
2020-03-24,Oregon,209,9.424083769633508,191,5.342334251964811,5.25227342804663,0.09006082391818104
2020-03-25,Oregon,266,27.27272727272727,209,5.583496308781699,5.342334251964811,0.24116205681688818
2020-03-26,Oregon,316,18.796992481203006,266,5.755742213586912,5.583496308781699,0.17224590480521318
2020-03-27,Oregon,415,31.329113924050635,316,6.028278520230698,5.755742213586912,0.2725363066437856
2020-03-28,Oregon,480,15.66265060240964,415,6.173786103901937,6.028278520230698,0.14550758367123873
2020-03-29,Oregon,549,14.374999999999998,480,6.3080984415095305,6.173786103901937,0.13431233760759387
2020-03-30,Oregon,607,10.564663023679417,549,6.408528791059498,6.3080984415095305,0.10043034954996788
2020-03-13,Pennsylvania,41,86.36363636363636,22,3.713572066704308,3.091042453358316,0.6225296133459919
2020-03-14,Pennsylvania,47,14.634146341463413,41,3.8501476017100584,3.713572066704308,0.13657553500575048
2020-03-15,Pennsylvania,68,44.680851063829785,47,4.219507705176107,3.8501476017100584,0.36936010346604853
2020-03-16,Pennsylvania,81,19.11764705882353,68,4.394449154672439,4.219507705176107,0.17494144949633217
2020-03-17,Pennsylvania,101,24.691358024691358,81,4.61512051684126,4.394449154672439,0.22067136216882055
2020-03-18,Pennsylvania,139,37.62376237623762,101,4.9344739331306915,4.61512051684126,0.3193534162894318
2020-03-19,Pennsylvania,187,34.53237410071942,139,5.231108616854587,4.9344739331306915,0.29663468372389534
2020-03-20,Pennsylvania,269,43.85026737967914,187,5.594711379601839,5.231108616854587,0.36360276274725223
2020-03-21,Pennsylvania,388,44.237918215613384,269,5.961005339623274,5.594711379601839,0.36629396002143455
2020-03-22,Pennsylvania,504,29.896907216494846,388,6.222576268071369,5.961005339623274,0.26157092844809515
2020-03-23,Pennsylvania,644,27.77777777777778,504,6.467698726104354,6.222576268071369,0.24512245803298516
2020-03-24,Pennsylvania,851,32.142857142857146,644,6.7464121285733745,6.467698726104354,0.27871340246902054
2020-03-25,Pennsylvania,1151,35.25264394829612,851,7.048386408721883,6.7464121285733745,0.30197428014850836
2020-03-26,Pennsylvania,1690,46.82884448305821,1151,7.432483807917119,7.048386408721883,0.38409739919523656
2020-03-27,Pennsylvania,2217,31.183431952662723,1690,7.7039102096163115,7.432483807917119,0.2714264016991921
2020-03-28,Pennsylvania,2815,26.97338746053225,2217,7.942717540573791,7.7039102096163115,0.23880733095747964
2020-03-29,Pennsylvania,3441,22.238010657193605,2815,8.14351740579748,7.942717540573791,0.2007998652236891
2020-03-30,Pennsylvania,4156,20.778843359488523,3441,8.332308352219117,8.14351740579748,0.18879094642163707
2020-03-18,Rhode Island,33,43.47826086956522,23,3.4965075614664802,3.1354942159291497,0.36101334553733055
2020-03-19,Rhode Island,44,33.33333333333333,33,3.784189633918261,3.4965075614664802,0.2876820724517808
2020-03-20,Rhode Island,44,0,44,3.784189633918261,3.784189633918261,0
2020-03-21,Rhode Island,66,50,44,4.189654742026425,3.784189633918261,0.40546510810816416
2020-03-22,Rhode Island,83,25.757575757575758,66,4.418840607796598,4.189654742026425,0.22918586577017308
2020-03-23,Rhode Island,106,27.710843373493976,83,4.663439094112067,4.418840607796598,0.24459848631546866
2020-03-24,Rhode Island,124,16.9811320754717,106,4.820281565605037,4.663439094112067,0.15684247149297015
2020-03-25,Rhode Island,132,6.451612903225806,124,4.882801922586371,4.820281565605037,0.06252035698133351
2020-03-26,Rhode Island,165,25,132,5.10594547390058,4.882801922586371,0.2231435513142097
2020-03-27,Rhode Island,203,23.03030303030303,165,5.313205979041787,5.10594547390058,0.20726050514120686
2020-03-28,Rhode Island,239,17.733990147783253,203,5.476463551931511,5.313205979041787,0.16325757288972387
2020-03-29,Rhode Island,294,23.01255230125523,239,5.683579767338681,5.476463551931511,0.2071162154071704
2020-03-30,Rhode Island,408,38.775510204081634,294,6.0112671744041615,5.683579767338681,0.32768740706548005
2020-03-16,South Carolina,33,17.857142857142858,28,3.4965075614664802,3.332204510175204,0.16430305129127643
2020-03-17,South Carolina,47,42.42424242424242,33,3.8501476017100584,3.4965075614664802,0.3536400402435782
2020-03-18,South Carolina,60,27.659574468085108,47,4.0943445622221,3.8501476017100584,0.24419696051204198
2020-03-19,South Carolina,81,35,60,4.394449154672439,4.0943445622221,0.3001045924503387
2020-03-20,South Carolina,126,55.55555555555556,81,4.836281906951478,4.394449154672439,0.44183275227903884
2020-03-21,South Carolina,172,36.507936507936506,126,5.147494476813453,4.836281906951478,0.31121256986197476
2020-03-22,South Carolina,194,12.790697674418606,172,5.267858159063328,5.147494476813453,0.12036368224987548
2020-03-23,South Carolina,299,54.123711340206185,194,5.700443573390687,5.267858159063328,0.43258541432735864
2020-03-24,South Carolina,342,14.381270903010032,299,5.834810737062605,5.700443573390687,0.13436716367191792
2020-03-25,South Carolina,425,24.269005847953213,342,6.052089168924417,5.834810737062605,0.2172784318618124
2020-03-26,South Carolina,456,7.294117647058823,425,6.1224928095143865,6.052089168924417,0.07040364058996929
2020-03-27,South Carolina,542,18.859649122807017,456,6.295266001439646,6.1224928095143865,0.17277319192525997
2020-03-28,South Carolina,661,21.95571955719557,542,6.493753839851686,6.295266001439646,0.19848783841203943
2020-03-29,South Carolina,775,17.246596066565807,661,6.652863029353347,6.493753839851686,0.15910918950166142
2020-03-30,South Carolina,925,19.35483870967742,775,6.829793737512425,6.652863029353347,0.17693070815907763
2020-03-24,South Dakota,30,7.142857142857142,28,3.4011973816621555,3.332204510175204,0.06899287148695166
2020-03-25,South Dakota,41,36.666666666666664,30,3.713572066704308,3.4011973816621555,0.3123746850421525
2020-03-26,South Dakota,46,12.195121951219512,41,3.828641396489095,3.713572066704308,0.11506932978478712
2020-03-27,South Dakota,58,26.08695652173913,46,4.060443010546419,3.828641396489095,0.23180161405732402
2020-03-28,South Dakota,68,17.24137931034483,58,4.219507705176107,4.060443010546419,0.15906469462968786
2020-03-29,South Dakota,90,32.35294117647059,68,4.499809670330265,4.219507705176107,0.28030196515415806
2020-03-30,South Dakota,100,11.11111111111111,90,4.605170185988092,4.499809670330265,0.10536051565782678
2020-03-14,Tennessee,32,23.076923076923077,26,3.4657359027997265,3.258096538021482,0.2076393647782444
2020-03-15,Tennessee,39,21.875,32,3.6635616461296463,3.4657359027997265,0.19782574332991976
2020-03-16,Tennessee,52,33.33333333333333,39,3.9512437185814275,3.6635616461296463,0.28768207245178123
2020-03-17,Tennessee,73,40.38461538461539,52,4.290459441148391,3.9512437185814275,0.3392157225669634
2020-03-18,Tennessee,98,34.24657534246575,73,4.584967478670572,4.290459441148391,0.29450803752218135
2020-03-19,Tennessee,155,58.16326530612245,98,5.043425116919247,4.584967478670572,0.45845763824867447
2020-03-20,Tennessee,237,52.903225806451616,155,5.4680601411351315,5.043425116919247,0.4246350242158847
2020-03-21,Tennessee,312,31.645569620253166,237,5.7430031878094825,5.4680601411351315,0.274943046674351
2020-03-22,Tennessee,424,35.8974358974359,312,6.049733455231958,5.7430031878094825,0.3067302674224752
2020-03-23,Tennessee,522,23.11320754716981,424,6.257667587882639,6.049733455231958,0.2079341326506814
2020-03-24,Tennessee,678,29.88505747126437,522,6.519147287940395,6.257667587882639,0.2614797000577562
2020-03-25,Tennessee,806,18.87905604719764,678,6.692083742506628,6.519147287940395,0.17293645456623263
2020-03-26,Tennessee,981,21.712158808933,806,6.8885724595653635,6.692083742506628,0.1964887170587355
2020-03-27,Tennessee,1180,20.285423037716615,981,7.07326971745971,6.8885724595653635,0.18469725789434666
2020-03-28,Tennessee,1363,15.508474576271187,1180,7.217443431696533,7.07326971745971,0.1441737142368229
2020-03-29,Tennessee,1569,15.113719735876744,1363,7.358193752733032,7.217443431696533,0.14075032103649932
2020-03-30,Tennessee,1721,9.68769917144678,1569,7.450660796211539,7.358193752733032,0.0924670434785071
2020-03-10,Texas,31,29.166666666666668,24,3.4339872044851463,3.1780538303479458,0.2559333741372005
2020-03-11,Texas,33,6.451612903225806,31,3.4965075614664802,3.4339872044851463,0.06252035698133396
2020-03-12,Texas,41,24.242424242424242,33,3.713572066704308,3.4965075614664802,0.21706450523782772
2020-03-13,Texas,58,41.46341463414634,41,4.060443010546419,3.713572066704308,0.34687094384211115
2020-03-14,Texas,69,18.96551724137931,58,4.23410650459726,4.060443010546419,0.17366349405084058
2020-03-15,Texas,80,15.942028985507244,69,4.382026634673881,4.23410650459726,0.14792013007662153
2020-03-16,Texas,87,8.75,80,4.465908118654584,4.382026634673881,0.0838814839807025
2020-03-17,Texas,106,21.839080459770116,87,4.663439094112067,4.465908118654584,0.19753097545748322
2020-03-18,Texas,166,56.60377358490566,106,5.111987788356544,4.663439094112067,0.44854869424447674
2020-03-19,Texas,248,49.39759036144578,166,5.5134287461649825,5.111987788356544,0.4014409578084388
2020-03-20,Texas,386,55.64516129032258,248,5.955837369464831,5.5134287461649825,0.44240862329984854
2020-03-21,Texas,547,41.70984455958549,386,6.304448802421981,5.955837369464831,0.34861143295715014
2020-03-22,Texas,639,16.819012797074954,547,6.459904454377535,6.304448802421981,0.15545565195555344
2020-03-23,Texas,728,13.928012519561817,639,6.590301048196686,6.459904454377535,0.13039659381915136
2020-03-24,Texas,857,17.71978021978022,728,6.75343791859778,6.590301048196686,0.16313687040109404
2020-03-25,Texas,1132,32.08868144690782,857,7.0317412587631285,6.75343791859778,0.2783033401653485
2020-03-26,Texas,1542,36.21908127208481,1132,7.340835554123275,7.0317412587631285,0.3090942953601461
2020-03-27,Texas,1971,27.82101167315175,1542,7.58629630715272,7.340835554123275,0.24546075302944548
2020-03-28,Texas,2381,20.801623541349567,1971,7.7752758464868625,7.58629630715272,0.18897953933414247
2020-03-29,Texas,2722,14.321713565728686,2381,7.909122183211411,7.7752758464868625,0.13384633672454882
2020-03-30,Texas,3065,12.60102865540044,2722,8.027802848370312,7.909122183211411,0.11868066515890074
2020-03-16,Utah,40,37.93103448275862,29,3.6888794541139363,3.367295829986474,0.3215836241274621
2020-03-17,Utah,51,27.500000000000004,40,3.9318256327243257,3.6888794541139363,0.24294617861038947
2020-03-18,Utah,65,27.450980392156865,51,4.174387269895637,3.9318256327243257,0.24256163717131107
2020-03-19,Utah,80,23.076923076923077,65,4.382026634673881,4.174387269895637,0.2076393647782444
2020-03-20,Utah,112,40,80,4.718498871295094,4.382026634673881,0.33647223662121295
2020-03-21,Utah,138,23.214285714285715,112,4.927253685157205,4.718498871295094,0.20875481386211092
2020-03-22,Utah,182,31.88405797101449,138,5.204006687076795,4.927253685157205,0.27675300191959007
2020-03-23,Utah,257,41.208791208791204,182,5.54907608489522,5.204006687076795,0.34506939781842494
2020-03-24,Utah,299,16.342412451361866,257,5.700443573390687,5.54907608489522,0.15136748849546677
2020-03-25,Utah,346,15.719063545150503,299,5.846438775057725,5.700443573390687,0.14599520166703783
2020-03-26,Utah,402,16.184971098265898,346,5.996452088619021,5.846438775057725,0.15001331356129644
2020-03-27,Utah,480,19.402985074626866,402,6.173786103901937,5.996452088619021,0.17733401528291548
2020-03-28,Utah,608,26.666666666666668,480,6.410174881966167,6.173786103901937,0.23638877806423064
2020-03-29,Utah,719,18.25657894736842,608,6.577861357721047,6.410174881966167,0.16768647575487972
2020-03-30,Utah,806,12.100139082058414,719,6.692083742506628,6.577861357721047,0.114222384785581
2020-03-21,Vermont,49,68.96551724137932,29,3.8918202981106265,3.367295829986474,0.5245244681241523
2020-03-22,Vermont,52,6.122448979591836,49,3.9512437185814275,3.8918202981106265,0.05942342047080107
2020-03-23,Vermont,75,44.230769230769226,52,4.31748811353631,3.9512437185814275,0.3662443949548826
2020-03-24,Vermont,95,26.666666666666668,75,4.553876891600541,4.31748811353631,0.23638877806423064
2020-03-25,Vermont,123,29.47368421052631,95,4.812184355372417,4.553876891600541,0.2583074637718763
2020-03-26,Vermont,158,28.455284552845526,123,5.062595033026967,4.812184355372417,0.25041067765454983
2020-03-27,Vermont,184,16.455696202531644,158,5.214935757608986,5.062595033026967,0.15234072458201897
2020-03-28,Vermont,211,14.673913043478262,184,5.351858133476067,5.214935757608986,0.13692237586708078
2020-03-29,Vermont,235,11.374407582938389,211,5.459585514144159,5.351858133476067,0.10772738066809229
2020-03-30,Vermont,256,8.936170212765958,235,5.545177444479562,5.459585514144159,0.08559193033540335
2020-03-13,Virginia,30,76.47058823529412,17,3.4011973816621555,2.833213344056216,0.5679840376059393
2020-03-14,Virginia,42,40,30,3.7376696182833684,3.4011973816621555,0.33647223662121295
2020-03-15,Virginia,45,7.142857142857142,42,3.8066624897703196,3.7376696182833684,0.06899287148695121
2020-03-16,Virginia,51,13.333333333333334,45,3.9318256327243257,3.8066624897703196,0.1251631429540061
2020-03-17,Virginia,67,31.372549019607842,51,4.204692619390966,3.9318256327243257,0.27286698666664
2020-03-18,Virginia,78,16.417910447761194,67,4.356708826689592,4.204692619390966,0.15201620729862597
2020-03-19,Virginia,94,20.51282051282051,78,4.543294782270004,4.356708826689592,0.18658595558041213
2020-03-20,Virginia,115,22.340425531914892,94,4.74493212836325,4.543294782270004,0.20163734609324635
2020-03-21,Virginia,152,32.17391304347826,115,5.0238805208462765,4.74493212836325,0.2789483924830263
2020-03-22,Virginia,219,44.07894736842105,152,5.389071729816501,5.0238805208462765,0.3651912089702245
2020-03-23,Virginia,254,15.981735159817351,219,5.537334267018537,5.389071729816501,0.14826253720203564
2020-03-24,Virginia,291,14.566929133858267,254,5.673323267171493,5.537334267018537,0.13598900015295623
2020-03-25,Virginia,390,34.02061855670103,291,5.966146739123692,5.673323267171493,0.2928234719521994
2020-03-26,Virginia,603,54.61538461538461,390,6.401917196727186,5.966146739123692,0.43577045760349353
2020-03-27,Virginia,605,0.33167495854063017,603,6.405228458030842,6.401917196727186,0.00331126130365611
2020-03-28,Virginia,739,22.14876033057851,605,6.6052979209482015,6.405228458030842,0.2000694629173596
2020-03-29,Virginia,889,20.29769959404601,739,6.790097235513905,6.6052979209482015,0.1847993145657032
2020-03-30,Virginia,1020,14.735658042744657,889,6.927557906278317,6.790097235513905,0.13746067076441193
2020-03-03,Washington,32,39.130434782608695,23,3.4657359027997265,3.1354942159291497,0.33024168687057687
2020-03-04,Washington,47,46.875,32,3.8501476017100584,3.4657359027997265,0.3844116989103319
2020-03-05,Washington,75,59.57446808510638,47,4.31748811353631,3.8501476017100584,0.4673405118262517
2020-03-06,Washington,86,14.666666666666666,75,4.454347296253507,4.31748811353631,0.13685918271719721
2020-03-07,Washington,110,27.906976744186046,86,4.700480365792417,4.454347296253507,0.24613306953890923
2020-03-08,Washington,141,28.18181818181818,110,4.948759890378168,4.700480365792417,0.24827952458575187
2020-03-09,Washington,179,26.95035460992908,141,5.187385805840755,4.948759890378168,0.2386259154625865
2020-03-10,Washington,279,55.865921787709496,179,5.631211781821365,5.187385805840755,0.44382597598061047
2020-03-11,Washington,338,21.14695340501792,279,5.823045895483019,5.631211781821365,0.19183411366165348
2020-03-12,Washington,419,23.964497041420117,338,6.037870919922137,5.823045895483019,0.21482502443911855
2020-03-13,Washington,511,21.957040572792362,419,6.236369590203704,6.037870919922137,0.19849867028156698
2020-03-14,Washington,609,19.17808219178082,511,6.411818267709897,6.236369590203704,0.17544867750619275
2020-03-15,Washington,675,10.83743842364532,609,6.51471269087253,6.411818267709897,0.10289442316263298
2020-03-16,Washington,794,17.62962962962963,675,6.677083461247136,6.51471269087253,0.162370770374606
2020-03-17,Washington,908,14.357682619647354,794,6.811244378601294,6.677083461247136,0.13416091735415758
2020-03-18,Washington,1026,12.995594713656388,908,6.933423025730715,6.811244378601294,0.12217864712942106
2020-03-19,Washington,1228,19.68810916179337,1026,7.113142108707088,6.933423025730715,0.17971908297637285
2020-03-20,Washington,1404,14.332247557003258,1228,7.247080584585756,7.113142108707088,0.13393847587866858
2020-03-21,Washington,1655,17.87749287749288,1404,7.411556287811163,7.247080584585756,0.16447570322540717
2020-03-22,Washington,1844,11.419939577039274,1655,7.519692404116539,7.411556287811163,0.108136116305376
2020-03-23,Washington,2101,13.937093275488069,1844,7.650168700845001,7.519692404116539,0.13047629672846117
2020-03-24,Washington,2469,17.51546882436935,2101,7.81156848934518,7.650168700845001,0.16139978850017922
2020-03-25,Washington,2585,4.698258404212232,2469,7.85748078694253,7.81156848934518,0.04591229759734983
2020-03-26,Washington,3208,24.10058027079304,2585,8.073402968986406,7.85748078694253,0.21592218204387592
2020-03-27,Washington,3770,17.51870324189526,3208,8.234830280442056,8.073402968986406,0.16142731145565037
2020-03-28,Washington,4311,14.350132625994693,3770,8.368925174747135,8.234830280442056,0.13409489430507904
2020-03-29,Washington,4897,13.593133843655764,4311,8.496378051702317,8.368925174747135,0.12745287695518215
2020-03-30,Washington,5180,5.779048396977742,4897,8.55256033525353,8.496378051702317,0.056182283551212464
2020-03-24,West Virginia,39,143.75,16,3.6635616461296463,2.772588722239781,0.8909729238898652
2020-03-25,West Virginia,51,30.76923076923077,39,3.9318256327243257,3.6635616461296463,0.2682639865946794
2020-03-26,West Virginia,76,49.01960784313725,51,4.330733340286331,3.9318256327243257,0.39890770756200533
2020-03-27,West Virginia,96,26.31578947368421,76,4.564348191467836,4.330733340286331,0.23361485118150505
2020-03-28,West Virginia,113,17.708333333333336,96,4.727387818712341,4.564348191467836,0.16303962724450471
2020-03-29,West Virginia,124,9.734513274336283,113,4.820281565605037,4.727387818712341,0.09289374689269625
2020-03-30,West Virginia,145,16.93548387096774,124,4.976733742420574,4.820281565605037,0.15645217681553714
2020-03-15,Wisconsin,33,22.22222222222222,27,3.4965075614664802,3.295836866004329,0.2006706954621511
2020-03-16,Wisconsin,47,42.42424242424242,33,3.8501476017100584,3.4965075614664802,0.3536400402435782
2020-03-17,Wisconsin,72,53.191489361702125,47,4.276666119016055,3.8501476017100584,0.4265185173059969
2020-03-18,Wisconsin,106,47.22222222222222,72,4.663439094112067,4.276666119016055,0.3867729750960116
2020-03-19,Wisconsin,155,46.22641509433962,106,5.043425116919247,4.663439094112067,0.37998602280717986
2020-03-20,Wisconsin,216,39.35483870967742,155,5.375278407684165,5.043425116919247,0.33185329076491854
2020-03-21,Wisconsin,281,30.09259259259259,216,5.638354669333745,5.375278407684165,0.2630762616495801
2020-03-22,Wisconsin,382,35.94306049822064,281,5.945420608606575,5.638354669333745,0.3070659392728299
2020-03-23,Wisconsin,418,9.424083769633508,382,6.035481432524756,5.945420608606575,0.09006082391818104
2020-03-24,Wisconsin,481,15.07177033492823,418,6.175867270105761,6.035481432524756,0.14038583758100476
2020-03-25,Wisconsin,623,29.521829521829524,481,6.434546518787453,6.175867270105761,0.258679248681692
2020-03-26,Wisconsin,754,21.02728731942215,623,6.625392368007956,6.434546518787453,0.19084584922050318
2020-03-27,Wisconsin,930,23.342175066312997,754,6.835184586147301,6.625392368007956,0.209792218139345
2020-03-28,Wisconsin,1042,12.043010752688172,930,6.948897222313312,6.835184586147301,0.11371263616601102
2020-03-29,Wisconsin,1120,7.485604606525912,1042,7.02108396428914,6.948897222313312,0.07218674197582775
2020-03-30,Wisconsin,1269,13.303571428571429,1120,7.1459844677143876,7.02108396428914,0.1249005034252475
2020-03-24,Wyoming,37,32.142857142857146,28,3.6109179126442243,3.332204510175204,0.27871340246902054
2020-03-25,Wyoming,49,32.432432432432435,37,3.8918202981106265,3.6109179126442243,0.2809023854664021
2020-03-26,Wyoming,56,14.285714285714285,49,4.02535169073515,3.8918202981106265,0.13353139262452318
2020-03-27,Wyoming,74,32.142857142857146,56,4.30406509320417,4.02535169073515,0.27871340246902054
2020-03-28,Wyoming,85,14.864864864864865,74,4.442651256490317,4.30406509320417,0.13858616328614648
2020-03-29,Wyoming,88,3.5294117647058822,85,4.477336814478207,4.442651256490317,0.03468555798789019
2020-03-30,Wyoming,96,9.090909090909092,88,4.564348191467836,4.477336814478207,0.08701137698962924
